[{"model": "contenttypes.contenttype", "pk": 16, "fields": {"app_label": "admin", "model": "logentry"}}, {"model": "contenttypes.contenttype", "pk": 17, "fields": {"app_label": "auth", "model": "permission"}}, {"model": "contenttypes.contenttype", "pk": 18, "fields": {"app_label": "auth", "model": "group"}}, {"model": "contenttypes.contenttype", "pk": 19, "fields": {"app_label": "auth", "model": "user"}}, {"model": "contenttypes.contenttype", "pk": 20, "fields": {"app_label": "contenttypes", "model": "contenttype"}}, {"model": "contenttypes.contenttype", "pk": 21, "fields": {"app_label": "sessions", "model": "session"}}, {"model": "contenttypes.contenttype", "pk": 22, "fields": {"app_label": "siembras", "model": "categoria"}}, {"model": "contenttypes.contenttype", "pk": 23, "fields": {"app_label": "siembras", "model": "rubro"}}, {"model": "contenttypes.contenttype", "pk": 24, "fields": {"app_label": "siembras", "model": "proovedor"}}, {"model": "contenttypes.contenttype", "pk": 25, "fields": {"app_label": "siembras", "model": "semilla"}}, {"model": "contenttypes.contenttype", "pk": 26, "fields": {"app_label": "siembras", "model": "tipoparcela"}}, {"model": "contenttypes.contenttype", "pk": 27, "fields": {"app_label": "siembras", "model": "parcela"}}, {"model": "contenttypes.contenttype", "pk": 28, "fields": {"app_label": "siembras", "model": "invernadero"}}, {"model": "contenttypes.contenttype", "pk": 30, "fields": {"app_label": "siembras", "model": "cultivo"}}, {"model": "contenttypes.contenttype", "pk": 31, "fields": {"app_label": "siembras", "model": "lotesiembra"}}, {"model": "contenttypes.contenttype", "pk": 32, "fields": {"app_label": "suelos", "model": "muestrasuelo"}}, {"model": "contenttypes.contenttype", "pk": 33, "fields": {"app_label": "suelos", "model": "analisissuelo"}}, {"model": "contenttypes.contenttype", "pk": 34, "fields": {"app_label": "seguimiento", "model": "seguimientocultivo"}}, {"model": "contenttypes.contenttype", "pk": 35, "fields": {"app_label": "seguimiento", "model": "actividadescultivo"}}, {"model": "contenttypes.contenttype", "pk": 36, "fields": {"app_label": "seguimiento", "model": "cultivomuestra"}}, {"model": "contenttypes.contenttype", "pk": 37, "fields": {"app_label": "seguimiento", "model": "crecimientocultivo"}}, {"model": "contenttypes.contenttype", "pk": 38, "fields": {"app_label": "seguimiento", "model": "plaga"}}, {"model": "contenttypes.contenttype", "pk": 39, "fields": {"app_label": "seguimiento", "model": "plagascultivo"}}, {"model": "contenttypes.contenttype", "pk": 40, "fields": {"app_label": "seguimiento", "model": "fertilizante"}}, {"model": "contenttypes.contenttype", "pk": 41, "fields": {"app_label": "seguimiento", "model": "fertilizantecultivo"}}, {"model": "sessions.session", "pk": "4qi4yz5upp941k766piznjawrepjt15t", "fields": {"session_data": "NjNlMzZkZWFlYzFlZmM4YzI0NDYyNzY5YjhjMjg2ZDIyMWUyNWYxODp7Il9hdXRoX3VzZXJfaGFzaCI6ImY5NjUyMmRjODhiZTMzYjAzNGUxMWJjODUzODA1MjdkOTI4NWQ2OGMiLCJfYXV0aF91c2VyX2JhY2tlbmQiOiJkamFuZ28uY29udHJpYi5hdXRoLmJhY2tlbmRzLk1vZGVsQmFja2VuZCIsIl9hdXRoX3VzZXJfaWQiOiIyIn0=", "expire_date": "2016-08-16T12:06:00.873Z"}}, {"model": "sessions.session", "pk": "mlf2n14hu6wa9v169rowdvd7e46y9egn", "fields": {"session_data": "NjNlMzZkZWFlYzFlZmM4YzI0NDYyNzY5YjhjMjg2ZDIyMWUyNWYxODp7Il9hdXRoX3VzZXJfaGFzaCI6ImY5NjUyMmRjODhiZTMzYjAzNGUxMWJjODUzODA1MjdkOTI4NWQ2OGMiLCJfYXV0aF91c2VyX2JhY2tlbmQiOiJkamFuZ28uY29udHJpYi5hdXRoLmJhY2tlbmRzLk1vZGVsQmFja2VuZCIsIl9hdXRoX3VzZXJfaWQiOiIyIn0=", "expire_date": "2016-08-15T14:32:11.299Z"}}, {"model": "sessions.session", "pk": "n4wbvyz1ns3tlb6no3gjj1aa5w8fo4om", "fields": {"session_data": "NjNlMzZkZWFlYzFlZmM4YzI0NDYyNzY5YjhjMjg2ZDIyMWUyNWYxODp7Il9hdXRoX3VzZXJfaGFzaCI6ImY5NjUyMmRjODhiZTMzYjAzNGUxMWJjODUzODA1MjdkOTI4NWQ2OGMiLCJfYXV0aF91c2VyX2JhY2tlbmQiOiJkamFuZ28uY29udHJpYi5hdXRoLmJhY2tlbmRzLk1vZGVsQmFja2VuZCIsIl9hdXRoX3VzZXJfaWQiOiIyIn0=", "expire_date": "2016-08-16T12:12:15.909Z"}}, {"model": "siembras.categoria", "pk": 4, "fields": {"nombre": "Semillas", "descripcion": ""}}, {"model": "siembras.categoria", "pk": 5, "fields": {"nombre": "Germinacion", "descripcion": ""}}, {"model": "siembras.categoria", "pk": 6, "fields": {"nombre": "Fertilizantes", "descripcion": ""}}, {"model": "siembras.rubro", "pk": 3, "fields": {"nombre": "Tomates"}}, {"model": "siembras.rubro", "pk": 4, "fields": {"nombre": "Pepinos"}}, {"model": "siembras.rubro", "pk": 5, "fields": {"nombre": "Calabacines"}}, {"model": "siembras.proovedor", "pk": 4, "fields": {"nombre": "Stokes", "descripcion": "", "telefono": "", "direccion": "", "categoria": 4}}, {"model": "siembras.proovedor", "pk": 5, "fields": {"nombre": "Germinados de Luis", "descripcion": "", "telefono": "", "direccion": "", "categoria": 5}}, {"model": "siembras.proovedor", "pk": 6, "fields": {"nombre": "Monsanto", "descripcion": "", "telefono": "", "direccion": "", "categoria": 6}}, {"model": "siembras.proovedor", "pk": 7, "fields": {"nombre": "Willians Dam Seeds", "descripcion": "", "telefono": "", "direccion": "Canada", "categoria": 4}}, {"model": "siembras.proovedor", "pk": 8, "fields": {"nombre": "Artesanal", "descripcion": "Semillas generadas en finca", "telefono": "", "direccion": "Venezuela", "categoria": 4}}, {"model": "siembras.semilla", "pk": 3, "fields": {"familia": 3, "proovedor": 4, "descripcion": "Hybrid Tomato Big Beef VFNT", "fecha_compra": "2016-08-01", "precio_compra": 8.5, "cantidad": 100.0, "unidad": 2, "codigo": "", "nivel_germinacion": 0.9}}, {"model": "siembras.semilla", "pk": 4, "fields": {"familia": 4, "proovedor": 4, "descripcion": "Pepino Hybrido Puccini", "fecha_compra": "2016-08-01", "precio_compra": 2.5, "cantidad": 2000.0, "unidad": 2, "codigo": "", "nivel_germinacion": 0.9}}, {"model": "siembras.semilla", "pk": 5, "fields": {"familia": 5, "proovedor": 4, "descripcion": "Calabacin Spineless Beauty, Verde", "fecha_compra": "2015-04-23", "precio_compra": 1.0, "cantidad": 100.0, "unidad": 1, "codigo": "297F", "nivel_germinacion": 0.94}}, {"model": "siembras.semilla", "pk": 6, "fields": {"familia": 5, "proovedor": 4, "descripcion": "Calabacin Gold Rush, Amarillo", "fecha_compra": "2015-04-23", "precio_compra": 1.0, "cantidad": 100.0, "unidad": 1, "codigo": "298B", "nivel_germinacion": 0.94}}, {"model": "siembras.semilla", "pk": 7, "fields": {"familia": 5, "proovedor": 8, "descripcion": "Calabacin Semilla Criolla, Blanca", "fecha_compra": "2015-04-23", "precio_compra": 1.0, "cantidad": 100.0, "unidad": 1, "codigo": "Criolla", "nivel_germinacion": 0.95}}, {"model": "siembras.tipoparcela", "pk": 3, "fields": {"nombre": "Parcela", "descripcion": "Cielo Abierto"}}, {"model": "siembras.parcela", "pk": 2, "fields": {"ubicacion": "Parcela 1 - Finca El Cinaro", "codigo": "P-01", "tipo": 3}}, {"model": "siembras.invernadero", "pk": 4, "fields": {"nombre": "Invernadero 1", "ubicacion": "Hacienda El Cinaro", "codigo": "I-01", "capacidad": 500}}, {"model": "siembras.invernadero", "pk": 5, "fields": {"nombre": "Terraza 1", "ubicacion": "Hacienda El Cinaro", "codigo": "T-1", "capacidad": 500}}, {"model": "siembras.lotesiembra", "pk": 1, "fields": {"semilla_utilizada": 3, "cantidad": 20.0, "fecha_enviado": "2016-06-01", "fecha_recibido": "2016-07-19", "proovedor": 5, "germinado": true}}, {"model": "siembras.lotesiembra", "pk": 3, "fields": {"semilla_utilizada": 5, "cantidad": 69.0, "fecha_enviado": null, "fecha_recibido": null, "proovedor": null, "germinado": false}}, {"model": "siembras.lotesiembra", "pk": 4, "fields": {"semilla_utilizada": 6, "cantidad": 70.0, "fecha_enviado": null, "fecha_recibido": null, "proovedor": null, "germinado": false}}, {"model": "siembras.lotesiembra", "pk": 5, "fields": {"semilla_utilizada": 7, "cantidad": 69.0, "fecha_enviado": null, "fecha_recibido": null, "proovedor": null, "germinado": false}}, {"model": "siembras.cultivo", "pk": 1, "fields": {"codigo": "HT-01", "lote": 1, "invernadero": 4, "parcela": null, "fecha_siembra": null, "posicion_inicial": 1, "posicion_final": 100, "densidad_siembra": 3.0}}, {"model": "siembras.cultivo", "pk": 2, "fields": {"codigo": "Calabacines", "lote": 3, "invernadero": 5, "parcela": null, "fecha_siembra": "2016-08-01", "posicion_inicial": 1, "posicion_final": 52, "densidad_siembra": 50.0}}, {"model": "siembras.cultivo", "pk": 3, "fields": {"codigo": "Calabacines", "lote": 4, "invernadero": 5, "parcela": null, "fecha_siembra": "2016-08-01", "posicion_inicial": 53, "posicion_final": 104, "densidad_siembra": 50.0}}, {"model": "siembras.cultivo", "pk": 4, "fields": {"codigo": "Calabacines", "lote": 5, "invernadero": 5, "parcela": null, "fecha_siembra": "2016-08-01", "posicion_inicial": 105, "posicion_final": 156, "densidad_siembra": 50.0}}, {"model": "siembras.cultivo", "pk": 5, "fields": {"codigo": "Calabacines", "lote": 4, "invernadero": 5, "parcela": null, "fecha_siembra": "2016-08-01", "posicion_inicial": 157, "posicion_final": 175, "densidad_siembra": 50.0}}, {"model": "siembras.cultivo", "pk": 6, "fields": {"codigo": "Calabacines", "lote": 3, "invernadero": 5, "parcela": null, "fecha_siembra": "2016-08-01", "posicion_inicial": 176, "posicion_final": 192, "densidad_siembra": 50.0}}, {"model": "siembras.cultivo", "pk": 7, "fields": {"codigo": "Calabacines", "lote": 5, "invernadero": 5, "parcela": null, "fecha_siembra": "2016-08-01", "posicion_inicial": 193, "posicion_final": 208, "densidad_siembra": 50.0}}, {"model": "suelos.muestrasuelo", "pk": 1, "fields": {"codigo": "1", "ubicacion": "1-A1", "fecha_registro": "2016-08-01", "parcela": null, "invernadero": 4}}, {"model": "suelos.analisissuelo", "pk": 1, "fields": {"codigo": "1", "muestra": 1, "fecha_registro": "2016-08-01", "fecha_aplicacion": "2016-08-01"}}, {"model": "seguimiento.actividadescultivo", "pk": 1, "fields": {"fecha_realizacion": "2016-08-01T19:35:01Z", "actividad": 1, "observacion": "Se realizo el desmalezamiento de el cultivo", "cultivo": 1}}, {"model": "seguimiento.cultivomuestra", "pk": 1, "fields": {"codigo": "C-HT-01-M01", "ubicacion": "1-A1", "cultivo": 1, "fecha_registro": "2016-08-01"}}, {"model": "seguimiento.cultivomuestra", "pk": 2, "fields": {"codigo": "C-HT-01-M02", "ubicacion": "1-A2", "cultivo": 1, "fecha_registro": "2016-08-01"}}, {"model": "seguimiento.cultivomuestra", "pk": 3, "fields": {"codigo": "C1-1A1", "ubicacion": "Hacienda El Cinaro", "cultivo": 2, "fecha_registro": "2016-08-02"}}, {"model": "seguimiento.crecimientocultivo", "pk": 1, "fields": {"muestra_cultivo": 1, "medida": 1.2, "unidad": 1, "fecha_registro": "2016-08-01", "observaciones": "1ra medida"}}, {"model": "seguimiento.crecimientocultivo", "pk": 2, "fields": {"muestra_cultivo": 3, "medida": 0.0, "unidad": 1, "fecha_registro": "2016-08-02", "observaciones": "SE ACABA DE SEMBRAR"}}, {"model": "seguimiento.crecimientocultivo", "pk": 3, "fields": {"muestra_cultivo": 3, "medida": 2.0, "unidad": 1, "fecha_registro": "2016-08-02", "observaciones": "CRECIO DOS CENTIMETROS"}}, {"model": "seguimiento.fertilizante", "pk": 1, "fields": {"nombre": "Glifosato", "codigo": "", "proovedor": 6}}, {"model": "seguimiento.fertilizantecultivo", "pk": 1, "fields": {"fecha_aplicacion": "2016-08-01", "fertilizante": 1, "observaciones": "los matare a todos!!!", "cultivo": 1}}, {"model": "seguimiento.fertilizantecultivo", "pk": 2, "fields": {"fecha_aplicacion": "2016-08-02", "fertilizante": 1, "observaciones": "SE APLICO ESE FERTILIZANTE", "cultivo": 2}}, {"model": "auth.permission", "pk": 46, "fields": {"name": "Can add log entry", "content_type": 16, "codename": "add_logentry"}}, {"model": "auth.permission", "pk": 47, "fields": {"name": "Can change log entry", "content_type": 16, "codename": "change_logentry"}}, {"model": "auth.permission", "pk": 48, "fields": {"name": "Can delete log entry", "content_type": 16, "codename": "delete_logentry"}}, {"model": "auth.permission", "pk": 49, "fields": {"name": "Can add permission", "content_type": 17, "codename": "add_permission"}}, {"model": "auth.permission", "pk": 50, "fields": {"name": "Can change permission", "content_type": 17, "codename": "change_permission"}}, {"model": "auth.permission", "pk": 51, "fields": {"name": "Can delete permission", "content_type": 17, "codename": "delete_permission"}}, {"model": "auth.permission", "pk": 52, "fields": {"name": "Can add group", "content_type": 18, "codename": "add_group"}}, {"model": "auth.permission", "pk": 53, "fields": {"name": "Can change group", "content_type": 18, "codename": "change_group"}}, {"model": "auth.permission", "pk": 54, "fields": {"name": "Can delete group", "content_type": 18, "codename": "delete_group"}}, {"model": "auth.permission", "pk": 55, "fields": {"name": "Can add user", "content_type": 19, "codename": "add_user"}}, {"model": "auth.permission", "pk": 56, "fields": {"name": "Can change user", "content_type": 19, "codename": "change_user"}}, {"model": "auth.permission", "pk": 57, "fields": {"name": "Can delete user", "content_type": 19, "codename": "delete_user"}}, {"model": "auth.permission", "pk": 58, "fields": {"name": "Can add content type", "content_type": 20, "codename": "add_contenttype"}}, {"model": "auth.permission", "pk": 59, "fields": {"name": "Can change content type", "content_type": 20, "codename": "change_contenttype"}}, {"model": "auth.permission", "pk": 60, "fields": {"name": "Can delete content type", "content_type": 20, "codename": "delete_contenttype"}}, {"model": "auth.permission", "pk": 61, "fields": {"name": "Can add session", "content_type": 21, "codename": "add_session"}}, {"model": "auth.permission", "pk": 62, "fields": {"name": "Can change session", "content_type": 21, "codename": "change_session"}}, {"model": "auth.permission", "pk": 63, "fields": {"name": "Can delete session", "content_type": 21, "codename": "delete_session"}}, {"model": "auth.permission", "pk": 64, "fields": {"name": "Can add categoria", "content_type": 22, "codename": "add_categoria"}}, {"model": "auth.permission", "pk": 65, "fields": {"name": "Can change categoria", "content_type": 22, "codename": "change_categoria"}}, {"model": "auth.permission", "pk": 66, "fields": {"name": "Can delete categoria", "content_type": 22, "codename": "delete_categoria"}}, {"model": "auth.permission", "pk": 67, "fields": {"name": "Can add rubro", "content_type": 23, "codename": "add_rubro"}}, {"model": "auth.permission", "pk": 68, "fields": {"name": "Can change rubro", "content_type": 23, "codename": "change_rubro"}}, {"model": "auth.permission", "pk": 69, "fields": {"name": "Can delete rubro", "content_type": 23, "codename": "delete_rubro"}}, {"model": "auth.permission", "pk": 70, "fields": {"name": "Can add proovedor", "content_type": 24, "codename": "add_proovedor"}}, {"model": "auth.permission", "pk": 71, "fields": {"name": "Can change proovedor", "content_type": 24, "codename": "change_proovedor"}}, {"model": "auth.permission", "pk": 72, "fields": {"name": "Can delete proovedor", "content_type": 24, "codename": "delete_proovedor"}}, {"model": "auth.permission", "pk": 73, "fields": {"name": "Can add semilla", "content_type": 25, "codename": "add_semilla"}}, {"model": "auth.permission", "pk": 74, "fields": {"name": "Can change semilla", "content_type": 25, "codename": "change_semilla"}}, {"model": "auth.permission", "pk": 75, "fields": {"name": "Can delete semilla", "content_type": 25, "codename": "delete_semilla"}}, {"model": "auth.permission", "pk": 76, "fields": {"name": "Can add tipo parcela", "content_type": 26, "codename": "add_tipoparcela"}}, {"model": "auth.permission", "pk": 77, "fields": {"name": "Can change tipo parcela", "content_type": 26, "codename": "change_tipoparcela"}}, {"model": "auth.permission", "pk": 78, "fields": {"name": "Can delete tipo parcela", "content_type": 26, "codename": "delete_tipoparcela"}}, {"model": "auth.permission", "pk": 79, "fields": {"name": "Can add parcela", "content_type": 27, "codename": "add_parcela"}}, {"model": "auth.permission", "pk": 80, "fields": {"name": "Can change parcela", "content_type": 27, "codename": "change_parcela"}}, {"model": "auth.permission", "pk": 81, "fields": {"name": "Can delete parcela", "content_type": 27, "codename": "delete_parcela"}}, {"model": "auth.permission", "pk": 82, "fields": {"name": "Can add invernadero", "content_type": 28, "codename": "add_invernadero"}}, {"model": "auth.permission", "pk": 83, "fields": {"name": "Can change invernadero", "content_type": 28, "codename": "change_invernadero"}}, {"model": "auth.permission", "pk": 84, "fields": {"name": "Can delete invernadero", "content_type": 28, "codename": "delete_invernadero"}}, {"model": "auth.permission", "pk": 88, "fields": {"name": "Can add cultivo", "content_type": 30, "codename": "add_cultivo"}}, {"model": "auth.permission", "pk": 89, "fields": {"name": "Can change cultivo", "content_type": 30, "codename": "change_cultivo"}}, {"model": "auth.permission", "pk": 90, "fields": {"name": "Can delete cultivo", "content_type": 30, "codename": "delete_cultivo"}}, {"model": "auth.permission", "pk": 91, "fields": {"name": "Can add lote siembra", "content_type": 31, "codename": "add_lotesiembra"}}, {"model": "auth.permission", "pk": 92, "fields": {"name": "Can change lote siembra", "content_type": 31, "codename": "change_lotesiembra"}}, {"model": "auth.permission", "pk": 93, "fields": {"name": "Can delete lote siembra", "content_type": 31, "codename": "delete_lotesiembra"}}, {"model": "auth.permission", "pk": 94, "fields": {"name": "Can add muestra suelo", "content_type": 32, "codename": "add_muestrasuelo"}}, {"model": "auth.permission", "pk": 95, "fields": {"name": "Can change muestra suelo", "content_type": 32, "codename": "change_muestrasuelo"}}, {"model": "auth.permission", "pk": 96, "fields": {"name": "Can delete muestra suelo", "content_type": 32, "codename": "delete_muestrasuelo"}}, {"model": "auth.permission", "pk": 97, "fields": {"name": "Can add analisis suelo", "content_type": 33, "codename": "add_analisissuelo"}}, {"model": "auth.permission", "pk": 98, "fields": {"name": "Can change analisis suelo", "content_type": 33, "codename": "change_analisissuelo"}}, {"model": "auth.permission", "pk": 99, "fields": {"name": "Can delete analisis suelo", "content_type": 33, "codename": "delete_analisissuelo"}}, {"model": "auth.permission", "pk": 100, "fields": {"name": "Can add seguimiento cultivo", "content_type": 34, "codename": "add_seguimientocultivo"}}, {"model": "auth.permission", "pk": 101, "fields": {"name": "Can change seguimiento cultivo", "content_type": 34, "codename": "change_seguimientocultivo"}}, {"model": "auth.permission", "pk": 102, "fields": {"name": "Can delete seguimiento cultivo", "content_type": 34, "codename": "delete_seguimientocultivo"}}, {"model": "auth.permission", "pk": 103, "fields": {"name": "Can add actividades cultivo", "content_type": 35, "codename": "add_actividadescultivo"}}, {"model": "auth.permission", "pk": 104, "fields": {"name": "Can change actividades cultivo", "content_type": 35, "codename": "change_actividadescultivo"}}, {"model": "auth.permission", "pk": 105, "fields": {"name": "Can delete actividades cultivo", "content_type": 35, "codename": "delete_actividadescultivo"}}, {"model": "auth.permission", "pk": 106, "fields": {"name": "Can add cultivo muestra", "content_type": 36, "codename": "add_cultivomuestra"}}, {"model": "auth.permission", "pk": 107, "fields": {"name": "Can change cultivo muestra", "content_type": 36, "codename": "change_cultivomuestra"}}, {"model": "auth.permission", "pk": 108, "fields": {"name": "Can delete cultivo muestra", "content_type": 36, "codename": "delete_cultivomuestra"}}, {"model": "auth.permission", "pk": 109, "fields": {"name": "Can add crecimiento cultivo", "content_type": 37, "codename": "add_crecimientocultivo"}}, {"model": "auth.permission", "pk": 110, "fields": {"name": "Can change crecimiento cultivo", "content_type": 37, "codename": "change_crecimientocultivo"}}, {"model": "auth.permission", "pk": 111, "fields": {"name": "Can delete crecimiento cultivo", "content_type": 37, "codename": "delete_crecimientocultivo"}}, {"model": "auth.permission", "pk": 112, "fields": {"name": "Can add plaga", "content_type": 38, "codename": "add_plaga"}}, {"model": "auth.permission", "pk": 113, "fields": {"name": "Can change plaga", "content_type": 38, "codename": "change_plaga"}}, {"model": "auth.permission", "pk": 114, "fields": {"name": "Can delete plaga", "content_type": 38, "codename": "delete_plaga"}}, {"model": "auth.permission", "pk": 115, "fields": {"name": "Can add plagas cultivo", "content_type": 39, "codename": "add_plagascultivo"}}, {"model": "auth.permission", "pk": 116, "fields": {"name": "Can change plagas cultivo", "content_type": 39, "codename": "change_plagascultivo"}}, {"model": "auth.permission", "pk": 117, "fields": {"name": "Can delete plagas cultivo", "content_type": 39, "codename": "delete_plagascultivo"}}, {"model": "auth.permission", "pk": 118, "fields": {"name": "Can add fertilizante", "content_type": 40, "codename": "add_fertilizante"}}, {"model": "auth.permission", "pk": 119, "fields": {"name": "Can change fertilizante", "content_type": 40, "codename": "change_fertilizante"}}, {"model": "auth.permission", "pk": 120, "fields": {"name": "Can delete fertilizante", "content_type": 40, "codename": "delete_fertilizante"}}, {"model": "auth.permission", "pk": 121, "fields": {"name": "Can add fertilizante cultivo", "content_type": 41, "codename": "add_fertilizantecultivo"}}, {"model": "auth.permission", "pk": 122, "fields": {"name": "Can change fertilizante cultivo", "content_type": 41, "codename": "change_fertilizantecultivo"}}, {"model": "auth.permission", "pk": 123, "fields": {"name": "Can delete fertilizante cultivo", "content_type": 41, "codename": "delete_fertilizantecultivo"}}, {"model": "auth.user", "pk": 2, "fields": {"password": "pbkdf2_sha256$24000$Eu4CpM9P0xhY$RmFmiOkcXJDSWPaktRknA6cKe8d+AwSCms2pEUZzi70=", "last_login": "2016-08-02T12:12:15.906Z", "is_superuser": true, "username": "ronsuez", "first_name": "", "last_name": "", "email": "", "is_staff": true, "is_active": true, "date_joined": "2016-08-01T14:31:47.200Z", "groups": [], "user_permissions": []}}, {"model": "auth.user", "pk": 3, "fields": {"password": "pbkdf2_sha256$24000$kpiKEzZi8WfE$u5TVhauuvKjTYXkvHMymrr6d4q/e9301CAAfQDuPmYw=", "last_login": null, "is_superuser": false, "username": "Aiskel", "first_name": "Aiskel", "last_name": "Rojas", "email": "aiskelc@hotmail.com", "is_staff": true, "is_active": true, "date_joined": "2016-08-02T14:43:29Z", "groups": [], "user_permissions": [46, 47, 48, 52, 53, 54, 49, 50, 51, 55, 56, 57, 58, 59, 60, 103, 104, 105, 109, 110, 111, 106, 107, 108, 118, 119, 120, 121, 122, 123, 112, 113, 114, 115, 116, 117, 100, 101, 102, 61, 62, 63, 64, 65, 66, 88, 89, 90, 82, 83, 84, 91, 92, 93, 79, 80, 81, 70, 71, 72, 67, 68, 69, 73, 74, 75, 76, 77, 78, 97, 98, 99, 94, 95, 96]}}, {"model": "admin.logentry", "pk": 28, "fields": {"action_time": "2016-08-01T19:00:12.840Z", "user": 2, "content_type": 28, "object_id": "4", "object_repr": "I-01 ", "action_flag": 1, "change_message": "Added."}}, {"model": "admin.logentry", "pk": 29, "fields": {"action_time": "2016-08-01T19:00:18.478Z", "user": 2, "content_type": 32, "object_id": "1", "object_repr": "MuestraSuelo object", "action_flag": 1, "change_message": "Added."}}, {"model": "admin.logentry", "pk": 30, "fields": {"action_time": "2016-08-01T19:05:24.928Z", "user": 2, "content_type": 33, "object_id": "1", "object_repr": "1 - 1-A1", "action_flag": 1, "change_message": "Added."}}, {"model": "admin.logentry", "pk": 31, "fields": {"action_time": "2016-08-01T19:28:36.645Z", "user": 2, "content_type": 23, "object_id": "3", "object_repr": "Tomates ", "action_flag": 1, "change_message": "Added."}}, {"model": "admin.logentry", "pk": 32, "fields": {"action_time": "2016-08-01T19:29:11.933Z", "user": 2, "content_type": 22, "object_id": "4", "object_repr": "Semillas ", "action_flag": 1, "change_message": "Added."}}, {"model": "admin.logentry", "pk": 33, "fields": {"action_time": "2016-08-01T19:29:15.127Z", "user": 2, "content_type": 24, "object_id": "4", "object_repr": "Stokes ", "action_flag": 1, "change_message": "Added."}}, {"model": "admin.logentry", "pk": 34, "fields": {"action_time": "2016-08-01T19:29:40.490Z", "user": 2, "content_type": 25, "object_id": "3", "object_repr": "Tomates - Stokes - Hybrid Tomato Big Beef VFNT", "action_flag": 1, "change_message": "Added."}}, {"model": "admin.logentry", "pk": 35, "fields": {"action_time": "2016-08-01T19:29:48.927Z", "user": 2, "content_type": 25, "object_id": "3", "object_repr": "Tomates - Stokes - Hybrid Tomato Big Beef VFNT", "action_flag": 2, "change_message": "Changed unidad."}}, {"model": "admin.logentry", "pk": 36, "fields": {"action_time": "2016-08-01T19:30:26.174Z", "user": 2, "content_type": 22, "object_id": "5", "object_repr": "Germinacion ", "action_flag": 1, "change_message": "Added."}}, {"model": "admin.logentry", "pk": 37, "fields": {"action_time": "2016-08-01T19:30:27.924Z", "user": 2, "content_type": 24, "object_id": "5", "object_repr": "Germinados de Luis ", "action_flag": 1, "change_message": "Added."}}, {"model": "admin.logentry", "pk": 38, "fields": {"action_time": "2016-08-01T19:30:46.795Z", "user": 2, "content_type": 31, "object_id": "1", "object_repr": "Hybrid Tomato Big Beef VFNT - Germinados de Luis", "action_flag": 1, "change_message": "Added."}}, {"model": "admin.logentry", "pk": 39, "fields": {"action_time": "2016-08-01T19:31:32.476Z", "user": 2, "content_type": 30, "object_id": "1", "object_repr": "Hybrid Tomato Big Beef VFNT - Germinados de Luis - HT-01", "action_flag": 1, "change_message": "Added."}}, {"model": "admin.logentry", "pk": 40, "fields": {"action_time": "2016-08-01T19:31:39.530Z", "user": 2, "content_type": 30, "object_id": "1", "object_repr": "Hybrid Tomato Big Beef VFNT - Germinados de Luis - HT-01", "action_flag": 2, "change_message": "No fields changed."}}, {"model": "admin.logentry", "pk": 41, "fields": {"action_time": "2016-08-01T19:32:24.670Z", "user": 2, "content_type": 36, "object_id": "1", "object_repr": "HT-01-01 - HT-01 ", "action_flag": 1, "change_message": "Added."}}, {"model": "admin.logentry", "pk": 42, "fields": {"action_time": "2016-08-01T19:32:30.004Z", "user": 2, "content_type": 36, "object_id": "1", "object_repr": "HT-01-01 - HT-01 ", "action_flag": 2, "change_message": "No fields changed."}}, {"model": "admin.logentry", "pk": 43, "fields": {"action_time": "2016-08-01T19:32:33.524Z", "user": 2, "content_type": 36, "object_id": "1", "object_repr": "HT-01-01 - HT-01 ", "action_flag": 2, "change_message": "No fields changed."}}, {"model": "admin.logentry", "pk": 44, "fields": {"action_time": "2016-08-01T19:32:40.254Z", "user": 2, "content_type": 36, "object_id": "1", "object_repr": "HT-01-01 - HT-01 ", "action_flag": 2, "change_message": "No fields changed."}}, {"model": "admin.logentry", "pk": 45, "fields": {"action_time": "2016-08-01T19:33:06.923Z", "user": 2, "content_type": 36, "object_id": "2", "object_repr": "C-HT-01-M02 - HT-01 ", "action_flag": 1, "change_message": "Added."}}, {"model": "admin.logentry", "pk": 46, "fields": {"action_time": "2016-08-01T19:33:13.697Z", "user": 2, "content_type": 36, "object_id": "1", "object_repr": "CHT-01-M01 - HT-01 ", "action_flag": 2, "change_message": "Changed codigo."}}, {"model": "admin.logentry", "pk": 47, "fields": {"action_time": "2016-08-01T19:33:21.081Z", "user": 2, "content_type": 36, "object_id": "1", "object_repr": "C-HT-01-M01 - HT-01 ", "action_flag": 2, "change_message": "Changed codigo."}}, {"model": "admin.logentry", "pk": 48, "fields": {"action_time": "2016-08-01T19:35:18.246Z", "user": 2, "content_type": 35, "object_id": "1", "object_repr": "HT-01 ", "action_flag": 1, "change_message": "Added."}}, {"model": "admin.logentry", "pk": 49, "fields": {"action_time": "2016-08-01T19:35:37.098Z", "user": 2, "content_type": 22, "object_id": "6", "object_repr": "Fertilizantes ", "action_flag": 1, "change_message": "Added."}}, {"model": "admin.logentry", "pk": 50, "fields": {"action_time": "2016-08-01T19:36:11.786Z", "user": 2, "content_type": 24, "object_id": "6", "object_repr": "Monsanto ", "action_flag": 1, "change_message": "Added."}}, {"model": "admin.logentry", "pk": 51, "fields": {"action_time": "2016-08-01T19:36:16.938Z", "user": 2, "content_type": 40, "object_id": "1", "object_repr": "Fertilizante object", "action_flag": 1, "change_message": "Added."}}, {"model": "admin.logentry", "pk": 52, "fields": {"action_time": "2016-08-01T19:37:25.753Z", "user": 2, "content_type": 41, "object_id": "1", "object_repr": "FertilizanteCultivo object", "action_flag": 1, "change_message": "Added."}}, {"model": "admin.logentry", "pk": 53, "fields": {"action_time": "2016-08-01T19:39:20.344Z", "user": 2, "content_type": 37, "object_id": "1", "object_repr": "CrecimientoCultivo object", "action_flag": 1, "change_message": "Added."}}, {"model": "admin.logentry", "pk": 54, "fields": {"action_time": "2016-08-01T19:41:43.590Z", "user": 2, "content_type": 26, "object_id": "3", "object_repr": "Parcela ", "action_flag": 1, "change_message": "Added."}}, {"model": "admin.logentry", "pk": 55, "fields": {"action_time": "2016-08-01T19:41:46.296Z", "user": 2, "content_type": 27, "object_id": "2", "object_repr": "P-01 ", "action_flag": 1, "change_message": "Added."}}, {"model": "admin.logentry", "pk": 56, "fields": {"action_time": "2016-08-01T19:44:37.284Z", "user": 2, "content_type": 23, "object_id": "4", "object_repr": "Pepinos ", "action_flag": 1, "change_message": "Added."}}, {"model": "admin.logentry", "pk": 57, "fields": {"action_time": "2016-08-01T19:45:02.039Z", "user": 2, "content_type": 25, "object_id": "4", "object_repr": "Pepinos - Stokes - Pepino Hybrido Puccini", "action_flag": 1, "change_message": "Added."}}, {"model": "admin.logentry", "pk": 58, "fields": {"action_time": "2016-08-01T19:46:46.714Z", "user": 2, "content_type": 25, "object_id": "4", "object_repr": "Pepinos - Stokes - Pepino Hybrido Puccini", "action_flag": 2, "change_message": "Changed unidad."}}, {"model": "admin.logentry", "pk": 59, "fields": {"action_time": "2016-08-02T12:10:36.219Z", "user": 2, "content_type": 28, "object_id": "5", "object_repr": "T-1 ", "action_flag": 1, "change_message": "Added."}}, {"model": "admin.logentry", "pk": 60, "fields": {"action_time": "2016-08-02T12:13:59.813Z", "user": 2, "content_type": 23, "object_id": "5", "object_repr": "Calabacines ", "action_flag": 1, "change_message": "Added."}}, {"model": "admin.logentry", "pk": 61, "fields": {"action_time": "2016-08-02T12:18:28.329Z", "user": 2, "content_type": 24, "object_id": "7", "object_repr": "Willians Dam Seeds ", "action_flag": 1, "change_message": "Added."}}, {"model": "admin.logentry", "pk": 62, "fields": {"action_time": "2016-08-02T12:19:50.165Z", "user": 2, "content_type": 24, "object_id": "8", "object_repr": "Artesanal ", "action_flag": 1, "change_message": "Added."}}, {"model": "admin.logentry", "pk": 63, "fields": {"action_time": "2016-08-02T12:24:48.385Z", "user": 2, "content_type": 25, "object_id": "5", "object_repr": "Calabacines - Stokes - Calabacin Spineless Beauty, Verde", "action_flag": 1, "change_message": "Added."}}, {"model": "admin.logentry", "pk": 64, "fields": {"action_time": "2016-08-02T12:30:49.664Z", "user": 2, "content_type": 31, "object_id": "2", "object_repr": "Calabacin Spineless Beauty, Verde", "action_flag": 1, "change_message": "Added."}}, {"model": "admin.logentry", "pk": 65, "fields": {"action_time": "2016-08-02T12:30:57.001Z", "user": 2, "content_type": 31, "object_id": "2", "object_repr": "Calabacin Spineless Beauty, Verde", "action_flag": 3, "change_message": ""}}, {"model": "admin.logentry", "pk": 66, "fields": {"action_time": "2016-08-02T12:32:00.663Z", "user": 2, "content_type": 31, "object_id": "3", "object_repr": "Calabacin Spineless Beauty, Verde", "action_flag": 1, "change_message": "Added."}}, {"model": "admin.logentry", "pk": 67, "fields": {"action_time": "2016-08-02T13:02:05.214Z", "user": 2, "content_type": 30, "object_id": "2", "object_repr": "Calabacin Spineless Beauty, Verde - Calabacines", "action_flag": 1, "change_message": "Added."}}, {"model": "admin.logentry", "pk": 68, "fields": {"action_time": "2016-08-02T13:11:40.039Z", "user": 2, "content_type": 25, "object_id": "6", "object_repr": "Calabacines - Stokes - Gold Rush", "action_flag": 1, "change_message": "Added."}}, {"model": "admin.logentry", "pk": 69, "fields": {"action_time": "2016-08-02T13:15:33.000Z", "user": 2, "content_type": 31, "object_id": "4", "object_repr": "Gold Rush", "action_flag": 1, "change_message": "Added."}}, {"model": "admin.logentry", "pk": 70, "fields": {"action_time": "2016-08-02T13:23:01.775Z", "user": 2, "content_type": 25, "object_id": "7", "object_repr": "Calabacines - Artesanal - Semilla Criolla, Blanca", "action_flag": 1, "change_message": "Added."}}, {"model": "admin.logentry", "pk": 71, "fields": {"action_time": "2016-08-02T13:23:27.527Z", "user": 2, "content_type": 31, "object_id": "5", "object_repr": "Semilla Criolla, Blanca", "action_flag": 1, "change_message": "Added."}}, {"model": "admin.logentry", "pk": 72, "fields": {"action_time": "2016-08-02T13:24:08.770Z", "user": 2, "content_type": 28, "object_id": "5", "object_repr": "T-1 ", "action_flag": 2, "change_message": "Added cultivo \"Gold Rush - Calabacines\". Added cultivo \"Semilla Criolla, Blanca - Calabacines\". Changed posicion_final and densidad_siembra for cultivo \"Calabacin Spineless Beauty, Verde - Calabacines\"."}}, {"model": "admin.logentry", "pk": 73, "fields": {"action_time": "2016-08-02T13:26:31.917Z", "user": 2, "content_type": 25, "object_id": "6", "object_repr": "Calabacines - Stokes - Gold Rush, Amarillo", "action_flag": 2, "change_message": "Changed descripcion."}}, {"model": "admin.logentry", "pk": 74, "fields": {"action_time": "2016-08-02T13:27:12.980Z", "user": 2, "content_type": 31, "object_id": "4", "object_repr": "Gold Rush, Amarillo", "action_flag": 2, "change_message": "No fields changed."}}, {"model": "admin.logentry", "pk": 75, "fields": {"action_time": "2016-08-02T13:36:13.938Z", "user": 2, "content_type": 36, "object_id": "3", "object_repr": "C1-1A1 - Calabacines ", "action_flag": 1, "change_message": "Added."}}, {"model": "admin.logentry", "pk": 76, "fields": {"action_time": "2016-08-02T13:37:00.436Z", "user": 2, "content_type": 37, "object_id": "2", "object_repr": "CrecimientoCultivo object", "action_flag": 1, "change_message": "Added."}}, {"model": "admin.logentry", "pk": 77, "fields": {"action_time": "2016-08-02T13:38:01.300Z", "user": 2, "content_type": 37, "object_id": "3", "object_repr": "CrecimientoCultivo object", "action_flag": 1, "change_message": "Added."}}, {"model": "admin.logentry", "pk": 78, "fields": {"action_time": "2016-08-02T13:39:09.541Z", "user": 2, "content_type": 41, "object_id": "2", "object_repr": "FertilizanteCultivo object", "action_flag": 1, "change_message": "Added."}}, {"model": "admin.logentry", "pk": 79, "fields": {"action_time": "2016-08-02T14:30:47.036Z", "user": 2, "content_type": 30, "object_id": "5", "object_repr": "Gold Rush, Amarillo - Calabacines", "action_flag": 1, "change_message": "Added."}}, {"model": "admin.logentry", "pk": 80, "fields": {"action_time": "2016-08-02T14:32:36.731Z", "user": 2, "content_type": 30, "object_id": "6", "object_repr": "Calabacin Spineless Beauty, Verde - Calabacines", "action_flag": 1, "change_message": "Added."}}, {"model": "admin.logentry", "pk": 81, "fields": {"action_time": "2016-08-02T14:35:15.357Z", "user": 2, "content_type": 30, "object_id": "7", "object_repr": "Semilla Criolla, Blanca - Calabacines", "action_flag": 1, "change_message": "Added."}}, {"model": "admin.logentry", "pk": 82, "fields": {"action_time": "2016-08-02T14:37:44.561Z", "user": 2, "content_type": 25, "object_id": "7", "object_repr": "Calabacines - Artesanal - Calabacin Semilla Criolla, Blanca", "action_flag": 2, "change_message": "Changed descripcion."}}, {"model": "admin.logentry", "pk": 83, "fields": {"action_time": "2016-08-02T14:38:07.499Z", "user": 2, "content_type": 25, "object_id": "6", "object_repr": "Calabacines - Stokes - Calabacin Gold Rush, Amarillo", "action_flag": 2, "change_message": "Changed descripcion."}}, {"model": "admin.logentry", "pk": 84, "fields": {"action_time": "2016-08-02T14:43:30.139Z", "user": 2, "content_type": 19, "object_id": "3", "object_repr": "Aiskel", "action_flag": 1, "change_message": "Added."}}, {"model": "admin.logentry", "pk": 85, "fields": {"action_time": "2016-08-02T14:46:44.876Z", "user": 2, "content_type": 19, "object_id": "3", "object_repr": "Aiskel", "action_flag": 2, "change_message": "Changed first_name, last_name, email, is_staff and user_permissions."}}]